location,address
Armageddon Brewing,"900 Chestnut Ave Building J, Somerdale NJ, 08083"
Tonewood Brewing,"215 West Clinton Avenue, Oaklyn New Jersey, 08107"
Red White and Brew Beer Co.,"100 West Merchant Street, Audubon New Jersey, 08106"
King’s Road Brewing Co.,"127 Kings Highway East, Haddonfield New Jersey, 08033"
Eclipse Brewing,"25 East Park Avenue, Merchantville New Jersey, 08109"
Devil’s Creek Brewery,"1 Powell Lane, Collingswood New Jersey, 08108"
Atco Brewing Company,"302 White Horse Pike B-1,2,3, Atco NJ, 08004"
South Camden Theatre Company,"400 Jasper Street, Camden NJ, 08104"
Berlin Brewing,"220 South White Horse Pike, Berlin NJ, 08009"
Markeim Arts Center,"104 Walnut Street, Haddonfield NJ, 08033"
Double Nickel Brewing Company,"1585 Route 73 , Pennsauken NJ, 08110"
Haddonfield Plays & Players,"967 East Atlantic Avenue, Haddonfield NJ, 08033"
Zaffron,"113 Kings Highway East, Haddonfield NJ, 08401"
Revolution Coffee Roasters,"13 Fern Ave, Collingswood NJ, 08108"
Cooper River Yacht Club,"450 South Park Drive, Collingswood NJ, 08101"
Forgotten Boardwalk Brewing,"1940 Olney Avenue #100, Cherry Hill NJ, 08003"
Lunacy Brewing Company,"214 Davis Road, Magnolia NJ"
Flying Fish Brewing Co.,"900 Kennedy Boulevard, Somerdale NJ, 08083"
Garden State Discovery Museum,"2040 Springdale Road, Cherry Hill NJ, 08003"
Pinsetters Bar & Bowl,"7111 Maple Avenue, Pennsauken Twp. NJ, 08109"
Springdale Farms,"1638 Springdale Road, Cherry Hill NJ, 08003"
Adventure Aquarium,"1 Riverside Drive, Camden NJ, 08103"
Camden Children’s Garden,"3 Riverside Drive, Camden NJ, 08103"
Atco Raceway,"1000 Jackson Road, Atco NJ, 08103"
Canvas Mixers,"542 Haddon Avenue, Collingswood NJ, 08108"
CoCo Key Water Resort,"915 New Jersey 73, Mount Laurel NJ, 08054"
Diggerland,"100 Pinedge Drive, West Berlin NJ, 08091"
Sahara Sam’s Oasis Indoor & Outdoor Waterpark,"535 N Rte 73, West Berlin NJ, 08091"
Sharrott Winery,"320 South Egg Harbor Road, Blue Anchor, NJ"
Amalthea Cellars,"209 Vineyard Road, Atco NJ"
Camden County Boathouse,"7050 N Park Drive, Pennsauken NJ, 08109"
Collingswood Grand Ballroom,"315 White Horse Pike, Collingswood NJ, 08107"
Luciens Manor,"81 West White Horse Pike, Berlin NJ, 08009"
Mcfaddon Catering and Lakeside Manor,"10 Foster Ave, Gibbsboro NJ, 08026"
The Moorestown Community House,"16 East Main Street, Moorestwon NJ, 08057"
The Shoppes at Cross Keys,"611 Cross Keys Road, Gloucester Twp. NJ, 08012"
Voorhees Town Center,"2120 Voorhees Town Center, Voorhees NJ, 08043"
Downtown Haddon Heights,", Haddon Heights NJ, 08035"
Downtown Haddonfield,"Kings Highway Haddon Avenue, Haddonfield NJ, 08033"
Cherry Hill Mall,"2000 Route 38, Cherry Hill NJ, 08002"
Garden State Park,"100 Haddonfield Road, Cherry Hill NJ, 00802"
Collingswood Farmers Market,"713 North Atlantic Avenue, Collingswood NJ, 08108"
Haddon Heights Farmers Market,"Station & East Atlantic Avenue, Haddon Heights NJ, 08035"
Haddonfield Farmers Market,"33 E Euclid Ave, Haddonfield NJ, 08033"
Westmont Farmers Market,"51 Haddon Ave, Haddon Twp. NJ, 08108"
Downtown Collingswood,"Haddon Avenue, Collingswood NJ, 08108"
Berlin Farmers Market,"41 Clementon Rd, Berlin NJ, 08009"
Blackwood Farmers Market,"15 S Black Horse Pike and the Studio at Mainstage Center, Blackwood NJ, 08012"
Symphony in C,"576 Haddon Avenue, Collingswood NJ, 08108"
BB&T Pavilion,"1 Harbour Boulevard, Camden NJ, 08102"
Collingswood Scottish Rite Theater,"315 White Horse Pik, Collingswood NJ, 81807"
Lyceum Hall Center for the Arts,"432 High Street, Burlington NJ, 08106"
Rutgers-Camden Center for the Arts,"303 Cooper Street, Camden NJ, 08102"
AMC Loews Cherry Hill 24,"2121 New Jersey 38, Cherry Hill NJ, 08002"
All Fired Up,"602 Haddon Avenue, Collingswood NJ, 08108"
Croft Farms Arts Center,"100 Bortons Mill Rd, Cherry Hill NJ, 08034"
The Ritz Theatre Company,"915 White Horse Pike, Haddon Township NJ, 08107"
Freeway Golf Course,"1858 Sicklerville Rd., Sicklerville NJ, 08081"
Kresson Golf Course,"298 Kresson-Gibbsboro Road, Voorhees NJ, 08043"
Pennsuaken Country Club,"3800 Haddonfield Rd., Pennsauken NJ, 08109"
Pinelands Golf Course,"887 S. Mays Landing Rd., Winslow Township NJ, 08037"
Washington Twp. Municipal,"197 Fries Mill Rd., Turnersville NJ, 08012"
Golf Land,"801 Rt. 561, Voorhees NJ, 08043"
Tavistock Country Club,"100 Tavistock Ln, Haddonfield NJ, 08033"
Fox Meadow Golf Center,"2880 Route 73 North, Maple Shade NJ, 08052"
Little Pond Golf Center,"111 Chews Landing Road, Clementon NJ, 08021"
Wallworth Park,"Kings Highway and Brace Road, Cherry Hill and Haddonfield NJ, 08002"
Wiggins Park Marina,"Dr Martin Luther King Blvd, Camden NJ, 08103"
Wiggins Waterfront Park,"Dr. Martin Luther King Boulevard, Camden NJ, 08103"
Valleybrook Country Club,"200 Golfview Drive, Blackwood NJ, 08012"
Berlin Park,"White Horse Pike, New Freedom Road and Park Drive, Berlin NJ, 08009"
Camden County Golf Academy,"8001 South Route 130, Pennsauken NJ, 08110"
Challenge Grove Park,"Bortons Mill & Caldwell Roads, Cherry Hill NJ, 08034"
Cooper River Park,"579 S Park Drive, Collingswood NJ, 08109"
Haddon Lake Park,"Station Avenue to 10th Avenue and from Kings Highway to the Black Horse Pike, Haddon Heights, Audubon and Mount Ephraim NJ, 08106"
Hopkins Pond,"Off Grove Street and Hopkins Lane, Haddonfield NJ, 08033"
Pennypacker Park,"Kings Highway, Park Boulevard and Grove Street, Haddonfield NJ, 08033"
Walt Whitman House,"330 Mickle Boulevard, Camden NJ, 08103"
Battleship New Jersey,"62 Battleship Place, Camden NJ, 08103"
Camden Shipyard & Maritime Museum,"1910 Broadway, Camden NJ, 08104"
Indian King Tavern Museum,"233 Kings Highway East, Haddonfield NJ, 08033"
Hadrosaurus,"2 King's Court, Haddonfield NJ, 08033"
Peter Mott House,"26 Kings Court, Lawnside NJ, 8045"
